trues,TDIformer,iTransformer,TimesNet,Informer
-0.5910011,-0.6664508,-0.676581,-0.8134064,-0.89987546
-0.5596409,-0.5683638,-0.612629,-0.78435016,-0.9279072
-0.5596409,-0.52214944,-0.5967952,-0.775839,-0.9082328
-0.6119575,-0.5008754,-0.5785612,-0.77783054,-0.8954746
-0.48651648,-0.5091995,-0.5547314,-0.783768,-0.95315415
-0.34011918,-0.48129246,-0.52300096,-0.7881301,-0.8662764
-0.25644228,-0.35653085,-0.44427338,-0.80908465,-0.8219003
-0.41324356,-0.40021157,-0.4478997,-0.6336148,-0.8444224
-0.30875894,-0.34040904,-0.42830715,-0.75663483,-0.8758319
-0.120597504,-0.36303508,-0.4090858,-0.75052786,-0.86291295
-0.18331797,-0.32266575,-0.3406218,-0.7852205,-0.82426596
-0.25644228,-0.30470702,-0.32313046,-0.7250391,-0.8132794
-0.21467815,-0.31491747,-0.33287758,-0.6558654,-0.7560272
-0.24603847,-0.30774668,-0.29878628,-0.69846505,-0.75390077
-0.07868467,-0.30180615,-0.26903483,-0.6902754,-0.7583203
-0.15195768,-0.3147312,-0.25067607,-0.63977516,-0.6572905
-0.25644228,-0.24678841,-0.26181528,-0.6445809,-0.7259725
-0.27739862,-0.3468081,-0.27473646,-0.6355928,-0.7263222
-0.25644228,-0.34960553,-0.25171328,-0.62985826,-0.7491293
-0.27739862,-0.29576162,-0.30052274,-0.6600989,-0.7306569
-0.26684612,-0.31308717,-0.31843132,-0.65786904,-0.7555341
-0.30875894,-0.29399243,-0.29140285,-0.6363566,-0.7805811
-0.2878026,-0.3074496,-0.30002648,-0.66455525,-0.85340875
-0.22508211,-0.28859663,-0.30984572,-0.58133537,-0.8016193
-0.2878026,-0.26050246,-0.28405508,-0.6410872,-0.84388036
-0.3295666,-0.25963923,-0.28624424,-0.6361666,-0.8863441
-0.30875894,-0.23307694,-0.25478712,-0.6518966,-0.8600394
-0.29820642,-0.22067432,-0.23682383,-0.6244832,-0.7746897
-0.24603847,-0.19958563,-0.20321774,-0.6038584,-0.8869604
-0.29820642,-0.16504619,-0.17453164,-0.6312604,-0.8630068
-0.047324505,-0.21830791,-0.15339315,-0.5559309,-0.92565995
-0.036920536,-0.2416467,-0.15991914,-0.5973382,-0.87091094
-0.07868467,-0.12594771,-0.0884918,-0.5690117,-0.4915936
0.0049921465,-0.08365461,-0.05169314,-0.5247888,-0.6268993
0.20355755,-0.11464505,-0.04925424,-0.56658584,-0.6274732
0.33955103,-0.11556915,-0.020827174,-0.48193482,-0.5772556
0.31859455,-0.059530437,0.0013737679,-0.3533204,-0.5857717
0.3709112,-0.038729943,0.06252414,-0.5247705,-0.5220107
0.26627803,-0.012618206,0.10454351,-0.4985975,-0.50385296
0.08852042,-0.038302504,0.056757808,-0.34214503,-0.49296063
0.057160113,-0.012547612,0.06283486,-0.32411736,-0.48941404
-0.120597504,-0.028146572,0.082639396,-0.2799703,-0.44968235
-0.18331797,-0.054578494,0.039543927,-0.3730229,-0.38550612
-0.14140515,-0.09147353,-0.046607852,-0.32998896,-0.39668703
-0.1623615,-0.040343698,-0.059305876,-0.38374513,-0.41100428
-0.110044986,-0.079925485,-0.05946502,-0.44628328,-0.3949427
-0.057728335,-0.09063815,-0.055630654,-0.29334337,-0.37388515
-0.14140515,-0.06726317,-0.071519345,-0.35247296,-0.35709003
-0.13100132,-0.12999465,-0.09192759,-0.42997247,-0.37184882
-0.17276546,-0.0861198,-0.08223468,-0.48854873,-0.38518816
-0.18331797,-0.06903051,-0.06501609,-0.399462,-0.3960809
0.057160113,-0.093613096,-0.064125836,-0.43471915,-0.39530447
-0.110044986,-0.001336284,-0.0007480085,-0.29552674,-0.28891796
-0.057728335,0.04490278,0.029620051,-0.4462929,-0.33979672
-0.047324505,0.12663195,0.06573534,-0.46124795,-0.3360334
0.0049921465,0.017722923,0.07770899,-0.44950327,-0.30206022
0.06771263,0.0064571947,0.07168728,-0.30677152,-0.4484626
0.06771263,0.03246095,0.116381854,-0.31488818,-0.3917867
0.21411008,0.11846977,0.13754863,-0.22810903,-0.3747554
0.3709112,0.16036682,0.1548703,-0.25290674,-0.26637658
0.4022715,0.18862133,0.122734636,-0.25462326,-0.23111665
0.45458803,0.15640213,0.10092881,-0.34248933,-0.31230578
0.3603587,0.20578209,0.15735692,-0.44510102,-0.2950263
0.26627803,0.20270365,0.12227279,-0.2919481,-0.17481136
0.18274976,0.24346341,0.07101759,-0.2613805,-0.11305181
0.13043311,0.22536764,0.02843517,-0.3361143,0.03488957
0.10947677,0.21130268,-0.01590383,-0.31502405,-0.06598123
0.057160113,0.17104083,-0.042875156,-0.39398226,-0.10067033
0.06771263,0.12820846,-0.1187665,-0.3105694,-0.103653766
-0.068280846,0.106177926,-0.10283999,-0.37548247,-0.081563495
-0.14140515,0.077196985,-0.07446259,-0.28963515,-0.14865577
0.046756286,0.03330635,-0.12567809,-0.28834596,-0.13918689
0.015395973,0.04233487,-0.10470243,-0.2647866,-0.08802175
0.06771263,0.03741108,-0.0832354,-0.22098987,-0.0634324
0.025799943,0.14905712,-0.04924999,-0.18160436,-0.006985374
-0.036920536,0.08253962,-0.034901097,-0.103250585,0.017866403
0.057160113,0.08818335,-0.04358183,-0.13073073,-0.021643795
0.10947677,0.066204615,0.0064476132,-0.14828587,-0.20212346
0.0049921465,0.11528745,0.07359746,-0.11700802,-0.1548112
-0.036920536,0.15621443,0.08304247,-0.112831384,-0.09864133
0.057160113,0.13490829,0.075198874,-0.11986333,-0.08634498
0.015395973,0.17011595,0.07300188,-0.10848189,-0.28963026
0.078116454,0.12573239,0.031014338,-0.084858194,-0.042917676
0.09907293,0.18673444,0.046410322,-0.19266392,0.09324693
0.08852042,0.20003399,0.033127815,-0.17136008,-0.2977081
0.10947677,0.18425563,0.027688995,-0.18071209,-0.15135825
0.18274976,0.17218623,0.015512712,-0.23616453,-0.11544483
0.015395973,0.16555727,-0.013950206,-0.21265508,0.034998752
0.057160113,0.11180593,-0.06209874,-0.16079944,0.16209781
0.046756286,0.112692006,-0.07858626,-0.2507822,0.19962958
0.036352456,0.10947573,-0.12700592,-0.2696582,0.06372178
0.036352456,0.07773428,-0.17801619,-0.2059407,-0.022839047
-0.015964195,0.094999634,-0.16177523,-0.28619,-0.016253792
-0.047324505,0.032033607,-0.18888524,-0.2709567,-0.016149797
0.08852042,0.030279547,-0.18950896,-0.16859403,-0.016275901
0.015395973,0.041857995,-0.16247043,-0.19732527,0.0019390546
-0.026368022,0.07136066,-0.114611685,-0.12697734,0.035068013
0.078116454,0.014521861,-0.10381398,-0.101187274,0.012325652
0.078116454,0.08217327,-0.046038292,-0.0934352,0.031932287
0.078116454,0.045372117,-0.008710083,-0.05930145,0.06696586
0.119880594,0.062028836,0.09160749,-0.00880219,0.076362334
0.057160113,0.10826978,0.11660363,-0.01184886,0.074784465
0.20355755,0.09570354,0.1213199,-0.009506057,0.08307244
-0.005560368,0.14052695,0.13278463,0.040996917,0.10299998
0.13043311,0.1831671,0.12715414,0.01657566,0.09828858
0.2976382,0.15805526,0.13842131,0.004022492,0.093987346
0.48594832,0.20697188,0.16800535,-0.016401086,0.09078637
0.464992,0.23824516,0.19315848,0.01716179,0.10938286
0.52771246,0.2703314,0.19365351,0.041031867,0.12488137
0.51730865,0.28345296,0.19021529,0.06560158,0.13878724
0.5067561,0.28020257,0.19803843,-0.051538844,0.14403272
0.3289985,0.25484437,0.18330142,0.046176635,0.14722553
0.2245139,0.23772664,0.1488955,0.07056755,0.14378396
0.20355755,0.22284727,0.13202451,0.050748475,0.14830841
0.119880594,0.21475208,0.1147448,0.106718585,0.16156037
0.08852042,0.17842495,0.06813806,0.055355333,0.23848954
0.057160113,0.14142975,0.028053602,0.010215491,0.22897491
0.06771263,0.11640397,0.026652975,0.0006311238,0.24457014
0.015395973,0.12551986,0.039224476,0.0551294,0.23533466
0.057160113,0.008788079,-0.046079457,0.06269367,0.24971503
0.036352456,0.00578852,-0.016780317,0.046482123,0.26613468
0.0049921465,-0.0031721443,-0.01548782,0.086513564,0.25143483
0.036352456,-0.0034831613,-0.008687511,0.039150916,0.26460677
0.015395973,-0.0051059574,0.0009821877,0.074095815,0.3387069
0.16179341,0.048307963,0.025386196,0.08203608,0.2887423
0.119880594,0.09482862,0.066993475,0.114192784,0.31236097
0.24547024,0.16555634,0.13195728,0.09374219,0.32207292
0.26627803,0.19091734,0.149295,0.10359027,0.32037228
0.19315359,0.2678574,0.19520828,0.11709077,0.31129542
0.19315359,0.31784996,0.26522496,0.097495906,0.29117316
0.41267535,0.32162556,0.27302518,0.12632155,0.29429865
0.42322785,0.3345524,0.28120264,0.13773598,0.30531916
0.49635217,0.3455932,0.29399806,0.15647267,0.23101893
0.5067561,0.3428553,0.28249857,0.07043677,0.31105903
0.39186755,0.31631872,0.26715475,0.101134725,0.36414254
0.19315359,0.29059732,0.21896824,0.135924,0.3523574
0.08852042,0.21198037,0.15996857,0.12306457,0.33927858
0.036352456,0.1371861,0.094936594,0.088143,0.2562398
-0.005560368,0.11532391,0.081745744,0.08844975,0.22801805
-0.07868467,0.060444638,0.011192456,0.07274397,0.24207819
-0.110044986,-0.0042258874,-0.017132983,0.021589637,0.22191149
-0.20412563,-0.035972938,-0.04960437,-0.00030308962,0.22258514
-0.20412563,-0.07223515,-0.08173806,0.07082905,0.21528801
-0.1937218,-0.15042034,-0.13845906,0.067786425,0.21237645
-0.26684612,-0.1882215,-0.16533485,0.0850492,0.20188522
-0.24603847,-0.17248228,-0.16466784,0.08863361,0.24556354
-0.30875894,-0.1703923,-0.16471317,0.066755325,0.3171789
-0.1937218,-0.16057077,-0.16264634,0.08951674,0.3055325
-0.057728335,-0.13563198,-0.12716922,0.10427507,0.28375664
-0.036920536,-0.08673161,-0.09892351,0.13092199,0.30081427
0.13043311,-0.042727493,-0.07787991,0.10966434,0.2272012
0.015395973,0.07162167,-0.0050921217,0.08349134,0.2319518
-0.047324505,0.07565415,0.008108385,0.08975464,0.19652897
0.08852042,0.11136666,0.022541024,0.12314125,0.17548028
0.27683055,0.117771976,0.0654874,0.13644822,0.17616725
0.34995484,0.107104145,0.116797745,0.11618977,0.18537629
0.42322785,0.17424381,0.17842558,0.1079183,0.18300408
0.42322785,0.18764381,0.1741474,0.04282792,0.18732253
0.2976382,0.2010501,0.1732415,0.04881893,0.19439185
0.16179341,0.15254927,0.13968942,0.062384803,0.21398956
0.09907293,0.12533256,0.10497491,0.06971331,-0.033463337
-0.057728335,0.06424377,0.02761709,0.007893823,-0.010224201
-0.110044986,0.05687062,-0.0062453374,0.011606164,-0.021387868
-0.09964102,0.010542777,-0.0675638,-0.018327072,-0.04932479
-0.110044986,-0.03191129,-0.10910328,-0.07116951,-0.05179549
-0.17276546,-0.092218995,-0.15797296,-0.030135788,-0.03889958
-0.14140515,-0.05998476,-0.15412304,0.00471396,0.055874415
-0.09964102,-0.10604116,-0.22795105,0.011066698,0.056640096
-0.17276546,-0.08590446,-0.19506343,-0.0043587834,0.17321035
-0.24603847,-0.106067464,-0.19687054,0.011974663,0.1543384
-0.30875894,-0.11124873,-0.19062787,0.060001433,0.2642199
-0.3295666,-0.08341128,-0.17342308,0.081884734,0.27457076
-0.23548594,-0.07666135,-0.12045813,0.10439306,0.27432275
-0.25644228,-0.068661906,-0.110124215,0.06751905,0.1030074
-0.1623615,0.013429448,-0.0474561,0.10758062,0.052203722
-0.20412563,-0.07433176,-0.042470805,0.08584675,0.05816222
-0.1623615,-0.062152125,-0.030375212,0.0833151,-0.0056122914
-0.08908864,0.00038406998,-0.009363659,0.1451759,0.016677938
-0.015964195,-0.027814701,0.004492201,0.113453895,0.01903484
0.06771263,-0.04786592,0.0075678043,0.02732031,-0.027888581
0.036352456,-0.015329782,0.044778258,0.105414554,-0.0359293
0.015395973,-0.031944867,0.035214934,0.04379609,-0.11305607
-0.08908864,-0.040178407,0.033208575,-0.006036587,-0.085517235
-0.13100132,-0.10581875,-0.027885064,0.03073309,-0.13622552
-0.120597504,-0.14080371,-0.07281932,0.053092733,0.026744917
-0.29820642,-0.16819742,-0.10907331,-0.0003617257,0.04378765
-0.3609269,-0.17701048,-0.14142331,-0.02250816,-0.09056402
-0.4341999,-0.20746514,-0.21913296,0.020206146,-0.032777555
-0.53868455,-0.22668698,-0.2576174,-0.07819577,-0.14651516
-0.5073243,-0.25889614,-0.3126528,-0.07771718,0.03913542
-0.5596409,-0.29031315,-0.3532015,-0.0026749596,0.03188429
-0.6119575,-0.34328663,-0.42531872,-0.010580651,-0.008386299
-0.6119575,-0.35934663,-0.45972788,-0.015953388,0.06212747
-0.6537216,-0.39872068,-0.5029601,0.008037216,0.011263914
-0.73739845,-0.42204207,-0.5216462,-0.012160036,0.08180133
-0.7478024,-0.41270813,-0.52689505,0.008625016,0.077262945
-0.6956343,-0.39078516,-0.47506392,-0.010452616,-0.07156282
-0.6642741,-0.37160453,-0.4609099,-0.012836481,-0.099643685
-0.5910011,-0.33506897,-0.42695087,0.017633406,-0.12643358
-0.5910011,-0.3200661,-0.39002344,0.08385332,-0.07802933
-0.5805973,-0.2818433,-0.3618125,0.17715967,-0.045356147
-0.47596404,-0.31765652,-0.36929676,0.1212218,-0.044453584
-0.47596404,-0.40177953,-0.29569975,0.019991424,-0.060738377
-0.423796,-0.44307458,-0.25823045,-0.03206688,-0.089813896
-0.4341999,-0.460779,-0.24541129,-0.080351055,-0.06636866
-0.3609269,-0.4512655,-0.2717298,-0.18051316,-0.08409376
-0.5282806,-0.4272059,-0.25849706,-0.3223176,-0.052028097
-0.6642741,-0.4784251,-0.31428692,-0.22645436,-0.06736912
-0.5805973,-0.5283708,-0.4101516,-0.16994762,-0.07689453
-0.57004476,-0.53024274,-0.49454337,-0.24667177,-0.08219257
-0.5910011,-0.5661427,-0.52935886,-0.23405786,-0.07483218
-0.6329138,-0.6287494,-0.6009146,-0.31966108,-0.08702489
-0.6642741,-0.60017955,-0.6525359,-0.3804199,-0.20020047
-0.6642741,-0.6072751,-0.6672705,-0.31196278,-0.09186124
-0.6642741,-0.640955,-0.7289211,-0.24621584,-0.16868132
-0.6642741,-0.656736,-0.79152596,-0.34085107,-0.1629439
-0.6642741,-0.6647454,-0.77779776,-0.35386813,-0.23711944
-0.6642741,-0.67507964,-0.7943308,-0.30360138,-0.2439458
-0.6642741,-0.7048609,-0.7830012,-0.30941236,-0.25566185
-0.6642741,-0.6681232,-0.741616,-0.2413171,-0.24812236
-0.6642741,-0.64679116,-0.6786647,-0.2868382,-0.25010324
-0.6642741,-0.6436944,-0.6322831,-0.22737938,-0.28434652
-0.6642741,-0.6127582,-0.57162553,-0.16871102,-0.31108993
-0.6642741,-0.5891788,-0.5537374,-0.15176713,-0.28074843
-0.6642741,-0.52254176,-0.5276822,-0.1385089,-0.29979187
-0.6642741,-0.49021816,-0.4884172,-0.23392724,-0.26385647
-0.6642741,-0.51812637,-0.48629487,-0.13204269,-0.27884716
-0.6642741,-0.5394379,-0.45584795,-0.17573225,-0.26292735
-0.6642741,-0.57912457,-0.43462592,-0.18778437,-0.28439546
-0.6642741,-0.59936565,-0.4341738,-0.2599423,-0.39508337
-0.6642741,-0.6182631,-0.4592973,-0.33828452,-0.42477214
-0.6642741,-0.659972,-0.5216173,-0.23752557,-0.4288162
-0.6642741,-0.68654895,-0.5740712,-0.30504584,-0.5150237
-0.6642741,-0.70231986,-0.6144493,-0.3068772,-0.45536873
-0.6642741,-0.7124644,-0.6611601,-0.29495022,-0.4615941
-0.6642741,-0.7145018,-0.7097554,-0.30939704,-0.45843256
-0.18331797,-0.7137985,-0.7251153,-0.36706513,-0.42997476
-0.15195768,-0.62277865,-0.67369103,-0.41859546,-0.411379
-0.18331797,-0.6099054,-0.6317363,-0.34040272,-0.40307334
-0.23548594,-0.5619919,-0.59234565,-0.37921005,-0.39211684
-0.15195768,-0.5244931,-0.5590191,-0.3256011,-0.38286847
-0.15195768,-0.5078274,-0.52987593,-0.29230627,-0.33531174
-0.120597504,-0.41121992,-0.47945392,-0.27753305,-0.33203703
-0.09964102,-0.32959545,-0.4069663,-0.28221375,-0.3101753
-0.005560368,-0.2554456,-0.32366294,-0.2571194,-0.4476623
0.06771263,-0.20518962,-0.27338222,-0.1990492,-0.4419915
0.13043311,-0.11273363,-0.19763635,-0.22416797,-0.43460208
0.10947677,-0.09013154,-0.15152834,-0.17437536,-0.36128795
0.078116454,0.0094937235,-0.07476899,-0.09950644,-0.35343176
0.20355755,0.09020969,-0.0064534247,-0.10453138,-0.20486608
0.15138945,0.1330749,0.0593445,-0.21534678,-0.2554227
0.4022715,0.11698656,0.09151247,-0.25265408,-0.23674896
0.3709112,0.16058551,0.13217682,-0.27203768,-0.25011098
0.23491773,0.104918435,0.13677922,-0.3394691,-0.25346455
0.2245139,0.15284117,0.16222012,-0.315616,-0.22831893
0.078116454,0.13386233,0.13832858,-0.3708996,-0.2152437
0.06771263,0.07889608,0.06313935,-0.30834135,-0.28838408
0.046756286,0.051779576,0.020890385,-0.33453816,-0.2618003
0.036352456,0.05726508,-0.021990567,-0.35921085,-0.2663865
-0.015964195,0.046795364,-0.041792423,-0.36416712,-0.3031852
-0.07868467,0.060278825,-0.024619848,-0.4700279,-0.29407895
-0.005560368,0.032540318,-0.04609266,-0.42812887,-0.28289154
0.036352456,-0.034046873,-0.07254186,-0.3999458,-0.20870513
0.08852042,-0.024648905,-0.06410909,-0.37569198,-0.18923196
0.015395973,0.014833011,-0.0042852163,-0.30413204,-0.29375184
0.015395973,0.019608885,-0.008167177,-0.2850876,-0.3665657
-0.026368022,0.0013123006,-0.0021163523,-0.29329452,-0.36354533
0.036352456,0.0073693097,0.022141874,-0.30797592,-0.36005253
-0.08908864,0.05518099,0.08726886,-0.21684888,-0.23164988
0.046756286,0.074057326,0.115703255,-0.31844538,-0.25208578
0.036352456,0.097301394,0.16895422,-0.36630493,-0.23641306
-0.015964195,0.13344738,0.17985862,-0.40979868,-0.28319636
-0.005560368,0.22667468,0.25470132,-0.26375952,-0.19438207
0.21411008,0.18380898,0.23133123,-0.37143642,-0.22657779
0.26627803,0.15487933,0.2280935,-0.32755426,-0.17600507
0.27683055,0.23070914,0.2646585,-0.33167237,-0.31434798
0.28723437,0.2812018,0.2767315,-0.23549587,-0.49335217
0.26627803,0.28861228,0.27398086,-0.38085467,-0.37576663
0.15138945,0.2661118,0.26549268,-0.35439816,-0.3720567
0.10947677,0.25125492,0.22505954,-0.32139176,-0.33939093
0.046756286,0.19291918,0.17413187,-0.22861591,-0.3382766
-0.005560368,0.17148225,0.14909485,-0.33703372,-0.17965195
0.015395973,0.06326155,0.03344214,-0.1742639,-0.25040063
-0.057728335,0.06576887,0.0021536052,-0.15734722,-0.25537342
-0.120597504,-0.01785338,-0.068294555,-0.20973477,-0.29688305
-0.13100132,0.017982248,-0.041745037,-0.13145447,-0.28110248
-0.15195768,-0.058986798,-0.08743794,-0.17249644,-0.27582562
-0.1623615,-0.11858961,-0.09317455,-0.17073768,-0.29208928
-0.1623615,-0.13009782,-0.11405815,-0.11853869,-0.22327784
-0.120597504,-0.095837176,-0.09751445,-0.24261211,-0.46646315
-0.14140515,-0.16461153,-0.1071257,-0.23790054,-0.4246342
-0.110044986,-0.15020284,-0.08081177,-0.21408987,-0.42942923
-0.057728335,-0.07734326,-0.021758467,-0.23056489,-0.25275353
0.06771263,-0.06367594,0.041528806,-0.24840443,-0.23956177
0.17219724,-0.012701118,0.045171067,-0.21178551,-0.18136814
0.16179341,0.0491197,0.09188205,-0.19899061,-0.13069576
0.17219724,0.08389921,0.124128446,-0.038508028,-0.05869647
0.16179341,0.08701379,0.15110055,-0.19557025,-0.05552467
0.3709112,0.12970892,0.17790353,-0.17847109,-0.007839389
0.4022715,0.1460393,0.22451791,-0.099018276,-0.014456205
0.47539583,0.22899316,0.26553223,-0.036010623,0.05685307
0.51730865,0.34085009,0.3534413,-0.12770954,0.06641586
0.2976382,0.39589727,0.3882513,0.025114417,0.015312232
0.28723437,0.31271297,0.32894868,-0.11883001,-0.1201373
0.20355755,0.24547033,0.23632216,0.008915618,-0.1157232
0.16179341,0.24908654,0.2583811,-0.16242433,-0.12294721
0.10947677,0.21475483,0.21723828,-0.034785032,-0.074687086
0.09907293,0.1712561,0.1879522,-0.239469,-0.069058165
-0.047324505,0.20439985,0.17276052,-0.037993878,-0.08243026
-0.20412563,0.14876278,0.12526692,-0.19835281,-0.068481624
-0.1937218,0.06998456,0.05178138,-0.15551436,0.016728524
-0.3609269,-0.0061191395,-0.026279055,-0.10042721,-0.10588277
-0.5073243,-0.08071889,-0.07195924,-0.15636885,0.010262735
-0.46556014,-0.088043004,-0.10090964,-0.14309973,-0.28882867
-0.53868455,-0.17125827,-0.14129533,-0.091271974,-0.28982252
-0.75835484,-0.2891564,-0.2172809,-0.11062503,-0.2990833
-0.7269946,-0.3040855,-0.21592575,-0.09744802,-0.29593056
-0.7687587,-0.3503913,-0.27760538,-0.08441095,-0.26305893
-0.73739845,-0.4347119,-0.40695357,-0.12621084,-0.15001574
-0.73739845,-0.43856463,-0.4567415,-0.084221035,-0.11709746
-0.7687587,-0.45373487,-0.47606498,-0.019807667,-0.14775604
-0.84188306,-0.5340067,-0.5857535,0.012190618,-0.07632645
-0.88379586,-0.5869852,-0.6383068,0.03821391,-0.036386468
-0.86283946,-0.60139114,-0.65850365,0.006902583,-0.055624582
-0.89419967,-0.6771305,-0.6859461,0.05585426,-0.049772456
-0.91515607,-0.71176475,-0.7018041,0.005571276,-0.10743853
-0.9569202,-0.72870547,-0.68043256,-0.023685709,-0.15666446
-0.97787654,-0.800769,-0.7587473,-0.010268912,-0.21119896
-0.9569202,-0.866032,-0.80187327,-0.027209848,-0.21332192
-0.9569202,-0.9167884,-0.83778113,-0.022119187,-0.099802814
-0.94651634,-0.913388,-0.87469256,-0.033117846,-0.088797264
-0.93611246,-0.94556034,-0.8668332,-0.016212948,-0.21480733
-0.97787654,-0.94963014,-0.8717184,-0.11093915,-0.17914408
-0.9569202,-0.9852973,-0.8878828,-0.079771474,-0.22110263
-0.94651634,-1.0036956,-0.9033852,-0.23790151,-0.2287578
-0.9569202,-1.0253718,-0.9164796,-0.22605336,-0.24390024
-0.87324333,-1.0248222,-0.93808997,-0.20511678,-0.24121928
-0.97787654,-0.99725366,-0.8861268,-0.22737674,-0.24741524
-0.89419967,-0.9604218,-0.850307,-0.18622826,-0.26525924
-0.99883294,-0.9122555,-0.8126135,-0.20727722,-0.2013064
-1.0615535,-0.9180166,-0.7900285,-0.20668736,-0.2176249
-1.4588327,-0.8604725,-0.7337917,-0.24169376,-0.27409494
-1.5215533,-0.897145,-0.7904677,-0.2729486,-0.29076344
-1.615634,-0.9391967,-0.8245197,-0.11621532,-0.2590637
-1.6260378,-0.9849608,-0.87184525,-0.047093973,-0.28121072
-1.5215533,-0.97943556,-0.87382585,-0.05301927,-0.37173498
-1.615634,-1.0348222,-0.8689081,-0.14434686,-0.2719574
-1.6575468,-1.0623109,-0.8754864,0.054378837,-0.44700056
-1.5215533,-1.0803965,-0.9643691,0.03758946,-0.4699456
-1.4378763,-1.2312518,-1.0403755,-0.11977625,-0.49525422
-1.2601187,-1.2650656,-1.0531793,-0.16386428,-0.5384665
-1.4378763,-1.2911768,-1.0914379,-0.11410609,-0.5892743
-1.5215533,-1.3165605,-1.1429398,-0.14441365,-0.53508335
-1.2183547,-1.3198647,-1.1729324,-0.11308381,-0.5363971
-1.4484289,-1.2621682,-1.2051802,-0.2714293,-0.599846
-1.3541995,-1.3627064,-1.2333988,-0.29245186,-0.60167485
-1.3751559,-1.2814523,-1.2361946,-0.3854102,-0.56530076
-1.5215533,-1.209756,-1.2332629,-0.407502,-0.58283776
-1.4378763,-1.2533247,-1.2234731,-0.784692,-0.61324483
-1.2287586,-1.3091866,-1.236679,-0.5015115,-0.61987585
-1.166038,-1.3505741,-1.2444699,-0.6230701,-0.6749626
-1.3020315,-1.3272438,-1.1835134,-0.63904804,-0.5773137
-1.3228393,-1.3042605,-1.1561103,-0.69492936,-0.5807749
-1.364752,-1.2627608,-1.1246799,-0.6913469,-0.63511616
-1.364752,-1.3799665,-1.128172,-0.6918496,-0.6446339
-1.3228393,-1.2781885,-1.1127176,-0.8103654,-0.63888305
-1.2497149,-1.265707,-1.0963104,-0.78195083,-0.62079495
-1.0615535,-1.2587165,-1.0827041,-0.6112392,-0.6122374
-0.92555994,-1.263966,-1.0327547,-0.7030319,-0.6050855
-0.8314792,-1.153148,-0.98437035,-0.5334351,-0.60033655
-0.7791626,-1.0798379,-0.96876556,-0.55053514,-0.6089647
-0.7791626,-0.9783842,-0.93183947,-0.4517721,-0.6011566
-0.7269946,-0.8444037,-0.8624631,-0.4865169,-0.5945728
-0.70603824,-0.8575452,-0.8746634,-0.47860235,-0.5925219
-0.7269946,-0.7880006,-0.8333862,-0.59276384,-0.598466
-0.7269946,-0.7869189,-0.8490974,-0.44536415,-0.6045522
-0.7269946,-0.7344222,-0.8369168,-0.31330943,-0.6388588
-0.89419967,-0.7346232,-0.8320594,-0.34234646,-0.63452166
-0.73739845,-0.70904875,-0.8357687,-0.43501544,-0.6628268
-0.8001189,-0.76596737,-0.8558121,-0.3683523,-0.66480905
-0.8524356,-0.7551985,-0.86390543,-0.47784007,-0.65048
-0.89419967,-0.7278065,-0.8517787,-0.43795907,-0.6392224
-0.9047522,-0.7769924,-0.8420638,-0.81579316,-0.67543614
-0.89419967,-0.7936903,-0.84703416,-0.6711948,-0.6765302
-0.89419967,-0.82826346,-0.8741168,-0.7437171,-0.6507489
-0.9047522,-0.7551247,-0.84356976,-0.81355286,-0.6509733
-0.9674727,-0.7074823,-0.83103603,-0.77769977,-0.6481847
-0.7791626,-0.6969714,-0.8343816,-0.7888582,-0.64337325
-0.89419967,-0.6718314,-0.761512,-0.8310641,-0.6690678
-0.9674727,-0.6113565,-0.7475213,-0.7542126,-0.7023482
-0.7269946,-0.60445523,-0.7434391,-0.8404978,-0.76803833
-1.0301932,-0.6002273,-0.7265549,-0.75608915,-0.7514525
-1.0405971,-0.53560865,-0.7303832,-0.6722867,-0.6748241
-0.99883294,-0.5074746,-0.72168624,-0.7142161,-0.5905441
-0.8524356,-0.5061816,-0.7175915,-0.7062327,-0.57206047
-0.7791626,-0.5316,-0.6960762,-0.74908525,-0.58693916
-0.73739845,-0.49941123,-0.69805,-0.76114976,-0.5721888
-0.6642741,-0.5595045,-0.7119919,-0.8894567,-0.6210405
-0.62236136,-0.59473944,-0.7025901,-0.8698482,-0.6405342
-0.67467797,-0.58814186,-0.67345876,-0.81238866,-0.6911531
-0.7269946,-0.5411156,-0.66173613,-0.7622106,-0.7145973
-0.7897151,-0.56842756,-0.683065,-0.8059965,-0.72597325
-0.8001189,-0.52902484,-0.6536299,-0.8881813,-0.8862446
-0.7687587,-0.5566991,-0.67208266,-0.85609925,-0.7484445
-0.84188306,-0.6001724,-0.7005683,-0.8952444,-0.76652336
-0.8210754,-0.615706,-0.69914293,-0.9121094,-0.71513325
-0.8524356,-0.6215478,-0.6827784,-0.77487606,-0.71179605
-0.8524356,-0.6785989,-0.7340346,-0.79890394,-0.71602166
-0.8524356,-0.61498845,-0.70296633,-0.8838669,-0.7091812
-0.8314792,-0.65260965,-0.73890364,-0.8736475,-0.6515829
-0.84188306,-0.64237577,-0.7193538,-0.9066286,-0.6197532
-0.67467797,-0.67452836,-0.7266397,-0.9132775,-0.63002354
-0.6642741,-0.7097773,-0.7176939,-0.9409667,-0.6869182
-0.6850819,-0.6636294,-0.7101864,-0.9285317,-0.74812835
-0.7164421,-0.62183625,-0.6540332,-0.97588205,-0.72994006
-0.67467797,-0.6505848,-0.6531687,-0.9363721,-0.7104313
-0.6850819,-0.6390039,-0.65216005,-0.9354672,-0.57925546
-0.5910011,-0.61548066,-0.6476767,-0.90906024,-0.52918625
-0.46556014,-0.5450401,-0.6081564,-0.9319638,-0.5096187
-0.38188323,-0.49082747,-0.5440198,-0.8484815,-0.537956
-0.3609269,-0.43746582,-0.50481814,-0.8732539,-0.5340768
-0.350523,-0.4109972,-0.50015473,-0.79202104,-0.53067595
-0.39243576,-0.37471822,-0.45383215,-0.8425972,-0.5345908
-0.29820642,-0.36707008,-0.43874806,-0.8206421,-0.62450045
-0.2878026,-0.4078673,-0.43394703,-0.7122648,-0.6186169
-0.350523,-0.3250018,-0.38901943,-0.81317544,-0.619628
-0.37147942,-0.32278436,-0.38676584,-0.80616903,-0.62193507
-0.4446038,-0.3723983,-0.43117887,-0.755311,-0.6009616
-0.423796,-0.34730247,-0.4190514,-0.8041556,-0.6085333
-0.38188323,-0.39604044,-0.4410215,-0.8075865,-0.5938093
-0.37147942,-0.36287332,-0.39978474,-0.87455994,-0.53827983
-0.41324356,-0.36526197,-0.40958744,-0.9533946,-0.5258804
-0.41324356,-0.39565226,-0.41629285,-0.9036016,-0.46914947
-0.4446038,-0.37310612,-0.3979802,-0.9620779,-0.46595198
-0.49692038,-0.38134775,-0.41017857,-0.9623452,-0.5440927
-0.3295666,-0.43294185,-0.4131888,-0.93562716,-0.53395706
-0.23548594,-0.43441188,-0.38134903,-0.966771,-0.45795405
-0.120597504,-0.3631411,-0.35175973,-1.0129038,-0.46628505
0.046756286,-0.3510809,-0.31107062,-0.9799378,-0.48423678
-0.068280846,-0.25911084,-0.26163292,-0.9380867,-0.45956713
-0.14140515,-0.17779747,-0.21702963,-0.92083085,-0.45314133
-0.036920536,-0.15894952,-0.21715188,-0.90573615,-0.48222184
0.16179341,-0.13715646,-0.18272406,-0.8194805,-0.5021222
0.09907293,-0.053108543,-0.10468382,-0.8544302,-0.39092195
0.27683055,-0.029960409,-0.07998681,-0.70314735,-0.38481694
0.3289985,-0.013291553,-0.03587234,-0.6943893,-0.37541968
0.26627803,-0.051330067,-0.0102825165,-0.6422259,-0.36453396
0.036352456,0.014386341,0.031510353,-0.6437824,-0.45236704
-0.047324505,0.05070527,-0.004201889,-0.5733949,-0.41972476
-0.07868467,-0.0010880232,-0.023695529,-0.5645145,-0.4071015
-0.110044986,0.00950174,-0.03078574,-0.6057651,-0.42180485
-0.15195768,-0.05995542,-0.07330811,-0.54418623,-0.42161894
-0.20412563,-0.0557835,-0.09453982,-0.6598993,-0.45475385
-0.22508211,-0.12314437,-0.15082541,-0.56585836,-0.44278055
-0.23548594,-0.20011906,-0.18056062,-0.7232438,-0.3679762
-0.22508211,-0.2547474,-0.22217584,-0.80700445,-0.3936537
-0.26684612,-0.26043913,-0.2271556,-0.6991521,-0.37963024
-0.24603847,-0.3467244,-0.26868904,-0.75304,-0.37178326
-0.23548594,-0.30865926,-0.24698448,-0.63753134,-0.36458874
-0.15195768,-0.34574044,-0.21839142,-0.6515073,-0.36287647
-0.047324505,-0.36918986,-0.20309508,-0.59581214,-0.33331472
0.036352456,-0.2827987,-0.14531472,-0.5739209,-0.27725214
-0.15195768,-0.110583276,-0.07064149,-0.55974525,-0.24256968
-0.09964102,-0.15528364,-0.07263422,-0.5504059,-0.22627959
-0.1937218,-0.07255204,-0.026809156,-0.482429,-0.13479039
-0.120597504,-0.018017828,-0.007909417,-0.46163952,-0.13047326
0.046756286,-0.025233917,0.020456433,-0.4568788,-0.12739652
0.057160113,-0.0021511242,0.05726376,-0.42654946,-0.16785786
0.14083707,0.048020057,0.118548155,-0.3082646,-0.19898522
0.09907293,0.04071617,0.12427822,-0.29514635,-0.26983833
0.26627803,0.08318896,0.17354792,-0.28064054,-0.21010762
0.20355755,-0.0074735843,0.101045996,-0.293155,-0.25472495
0.14083707,-0.04181455,0.062386185,-0.18638435,-0.24933282
0.119880594,-0.017075244,0.07611784,-0.3106604,-0.26736927
0.046756286,-0.025977544,0.05501926,-0.28319824,-0.2623418
0.119880594,-0.10264727,-0.02199629,-0.2761905,-0.26155168
0.015395973,-0.08069641,-0.016106188,-0.29094574,-0.18270811
0.036352456,-0.015267629,0.024154663,-0.2923028,-0.1887576
0.046756286,-0.0069219414,0.027463347,-0.31221804,-0.2061311
0.025799943,-0.09101696,0.0012920201,-0.34779224,-0.1879299
0.046756286,-0.11864521,-0.015933335,-0.32123354,-0.20386636
0.046756286,-0.117177516,0.00090664625,-0.40259567,-0.19291067
-0.068280846,-0.07478744,0.026661426,-0.31487286,-0.10079443
-0.047324505,-0.0984909,0.0390175,-0.34639168,-0.07774032
-0.047324505,-0.10867334,0.04559377,-0.31346524,-0.13649991
-0.07868467,-0.04735921,0.08752653,-0.36852673,-0.04569853
0.015395973,-0.021267097,0.0918816,-0.29324263,-0.11176299
-0.015964195,-0.015270226,0.10244489,-0.33927244,-0.04833924
0.0049921465,-0.000103369355,0.11720118,-0.26158345,-0.06428849
0.015395973,0.03495194,0.14798969,-0.14760762,-0.078160316
0.10947677,0.036460858,0.1500985,-0.12544669,-0.06139587
0.10947677,0.1357435,0.20568809,-0.15787703,-0.04110246
0.078116454,0.13870247,0.21591014,-0.05257924,0.033068858
-0.068280846,0.19158153,0.2538675,-0.13027526,0.04120092
-0.120597504,0.17014217,0.23896228,-0.1255845,-0.02763784
-0.22508211,0.1393345,0.16620588,-0.06025198,0.04153561
-0.350523,-0.021624774,0.03917998,-0.05090648,0.04491841
-0.38188323,-0.11700613,-0.047910944,-0.12219427,0.042778753
-0.423796,-0.20285487,-0.18281868,-0.080624014,0.049546532
-0.48651648,-0.25281975,-0.28161487,-0.2091088,0.055953167
-0.48651648,-0.28926155,-0.36067528,-0.1848145,0.02446621
-0.53868455,-0.39123648,-0.43815693,-0.08031161,0.037075855
-0.53868455,-0.5043273,-0.5226956,-0.28216365,0.06806267
-0.62236136,-0.6044043,-0.595741,-0.23868129,-0.010338686
-0.57004476,-0.60243815,-0.6253567,-0.25880158,-0.014373325
-0.64331776,-0.65089333,-0.67986834,-0.30009997,-0.00041540712
-0.6642741,-0.67136365,-0.6412221,-0.24853754,-0.01425042
-0.6850819,-0.6356809,-0.59308285,-0.22976203,-0.01777216
-0.64331776,-0.64168394,-0.56903243,-0.23057327,-0.008135013
-0.64331776,-0.6083332,-0.5213763,-0.22457522,0.001393713
-0.6329138,-0.5918058,-0.46727625,-0.17653255,-0.0064646527
-0.5805973,-0.55445015,-0.46834973,-0.16975394,0.054329596
-0.5596409,-0.5796867,-0.46788317,-0.1966573,0.10373703
-0.62236136,-0.531761,-0.427576,-0.12625097,0.10808762
-0.549237,-0.5302238,-0.43579367,-0.14823791,0.112568304
-0.5596409,-0.5300714,-0.43187013,-0.06959288,0.017565154
-0.5805973,-0.5056641,-0.3917033,-0.093408346,0.08455046
-0.6642741,-0.48936373,-0.44383153,-0.15330654,0.0055958256
-0.6850819,-0.4954108,-0.447433,-0.38484204,0.0817402
-0.7269946,-0.59761786,-0.54622066,-0.3073965,0.074754246
-0.8001189,-0.66274214,-0.63907087,-0.28785184,0.061576433
-0.75835484,-0.7163924,-0.7222692,-0.09377278,0.04608435
-0.7791626,-0.744541,-0.7681316,-0.27375597,-0.054389022
-0.8314792,-0.8725146,-0.828796,-0.3608932,-0.07374901
-0.7791626,-0.8485727,-0.8206841,-0.11719863,-0.08615749
-0.7897151,-0.8449636,-0.82535803,-0.23287399,-0.088482134
-0.81052285,-0.86748505,-0.84193665,-0.28239575,-0.0906652
-0.8001189,-0.88658,-0.86425066,-0.2847075,-0.025997207
-0.8001189,-0.87136257,-0.87375224,-0.31112602,-0.14520982
-0.81052285,-0.8530891,-0.85042655,-0.2905562,-0.095539175
-0.8210754,-0.8028104,-0.80718887,-0.22570916,-0.1285606
-0.84188306,-0.7881096,-0.7708391,-0.17981622,-0.13276273
-0.88379586,-0.7452915,-0.7025583,-0.14045441,-0.08332995
-0.88379586,-0.7509265,-0.6718098,-0.2721705,-0.1525887
-0.87324333,-0.73214227,-0.6589004,-0.33800504,-0.051797092
-0.84188306,-0.7415745,-0.6617924,-0.25354674,-0.05039016
-0.7687587,-0.72015566,-0.63692325,-0.24891078,-0.10613304
-0.8314792,-0.6991286,-0.6239464,-0.19332904,-0.15420961
-0.8001189,-0.69719225,-0.60861635,-0.19154519,-0.17791507
-0.73739845,-0.70365494,-0.59200263,-0.21910468,-0.19230089
-0.8001189,-0.6735287,-0.5814674,-0.25988546,-0.20255226
-0.6537216,-0.67384183,-0.5887127,-0.24145001,-0.21163389
-0.84188306,-0.7037178,-0.59103096,-0.31539422,-0.22711748
-1.0615535,-0.73178816,-0.6409651,-0.316733,-0.23614901
-0.9569202,-0.79924834,-0.7190568,-0.24591807,-0.23923671
-0.8001189,-0.90516454,-0.77047896,-0.28337714,-0.24349302
-1.0615535,-0.92224437,-0.78423953,-0.32225266,-0.2556342
-0.9882804,-0.931821,-0.8214996,-0.30522606,-0.32786903
-0.88379586,-0.9148851,-0.85272396,-0.423028,-0.34468263
-0.87324333,-0.9195531,-0.85560536,-0.33201867,-0.34036857
-0.9047522,-0.9000709,-0.84664804,-0.43673652,-0.36041737
-0.8314792,-0.9152008,-0.8600329,-0.42389148,-0.36089185
-0.7478024,-0.9248891,-0.85847497,-0.4932479,-0.3693614
-0.8001189,-0.85835975,-0.79305434,-0.47495812,-0.36350015
-0.7478024,-0.8200163,-0.77977157,-0.38323557,-0.36579105
-0.8001189,-0.80506146,-0.7502954,-0.39088637,-0.36609247
-0.7897151,-0.8066249,-0.72713387,-0.45143488,-0.27364743
-1.0092368,-0.740837,-0.6862763,-0.33703646,-0.2765968
-0.87324333,-0.7487955,-0.7119609,-0.4984573,-0.30992636
-0.9569202,-0.7690975,-0.71704274,-0.5017351,-0.31333494
-0.9569202,-0.7196485,-0.6958705,-0.37062094,-0.31068313
-0.93611246,-0.7228616,-0.7039535,-0.39991406,-0.31655923
-0.92555994,-0.7225291,-0.70372844,-0.1997912,-0.3203931
-0.86283946,-0.7325231,-0.6965269,-0.28888255,-0.3169869
-0.7269946,-0.7337006,-0.68921787,-0.37170076,-0.38089126
-0.7478024,-0.7510448,-0.69869184,-0.40707383,-0.3915305
-0.7164421,-0.7659265,-0.7027732,-0.43909872,-0.39973718
-0.7687587,-0.80278075,-0.70559597,-0.40042678,-0.39917412
-0.7897151,-0.7797953,-0.72365975,-0.41582015,-0.41337284
-0.94651634,-0.7856258,-0.7471901,-0.43353057,-0.4255029
-0.87324333,-0.83544713,-0.78745127,-0.4837641,-0.43976527
-0.8524356,-0.8174719,-0.8041257,-0.45155424,-0.4470377
-0.8001189,-0.76778203,-0.80898136,-0.45462358,-0.46977454
-0.7269946,-0.7642286,-0.8046686,-0.5215745,-0.44436282
-0.8314792,-0.73096883,-0.79293674,-0.71203077,-0.4605779
-0.8001189,-0.76269406,-0.8024187,-0.58341676,-0.46245563
-0.75835484,-0.77267045,-0.79623115,-0.652054,-0.48440707
-0.73739845,-0.7286631,-0.7837987,-0.64461815,-0.47975135
-0.75835484,-0.7290378,-0.7713906,-0.68240434,-0.47340906
-0.6642741,-0.7207585,-0.7550538,-0.6481825,-0.4835466
-0.8001189,-0.63681984,-0.7003782,-0.700094,-0.40628397
-0.6329138,-0.6040792,-0.6969489,-0.54130983,-0.3909862
-0.5910011,-0.6343182,-0.682472,-0.6162841,-0.38191953
-0.601405,-0.60607356,-0.67226285,-0.66635656,-0.36736864
-0.53868455,-0.5516058,-0.62486,-0.6710121,-0.35565764
-0.5073243,-0.5265893,-0.6200372,-0.5569302,-0.35661054
-0.2878026,-0.5268526,-0.58591294,-0.60620654,-0.35903007
-0.22508211,-0.5354821,-0.5524805,-0.56841177,-0.34458953
-0.120597504,-0.45446604,-0.49973667,-0.6354405,-0.35501164
-0.13100132,-0.46936938,-0.46204722,-0.64833945,-0.34795552
-0.22508211,-0.43101758,-0.38537633,-0.64120215,-0.36016428
-0.3609269,-0.3934778,-0.3570287,-0.6294176,-0.36164755
-0.48651648,-0.38805538,-0.36190933,-0.6164928,-0.29627794
-0.5910011,-0.45957422,-0.44685608,-0.6069637,-0.29192898
-0.62236136,-0.41502184,-0.4395346,-0.62914306,-0.2921299
-0.62236136,-0.4971435,-0.5002173,-0.65392584,-0.29279727
-0.5073243,-0.5465334,-0.5441663,-0.66243994,-0.29864988
-0.5596409,-0.60180855,-0.56336725,-0.6352477,-0.3486859
-0.53868455,-0.56799877,-0.55373585,-0.64382666,-0.34799424
-0.549237,-0.6219847,-0.59349424,-0.7367552,-0.35097268
-0.57004476,-0.64270335,-0.5974399,-0.72618055,-0.3580714
-0.64331776,-0.6294091,-0.59841686,-0.7444814,-0.3562772
-0.601405,-0.60046816,-0.59854805,-0.64501417,-0.3414752
-0.5805973,-0.59884,-0.5700643,-0.658194,-0.31443447
-0.549237,-0.54669946,-0.52687365,-0.72412956,-0.3034144
-0.5282806,-0.4614882,-0.46622658,-0.6352213,-0.3018183
-0.48651648,-0.45295894,-0.44355652,-0.6753511,-0.27757937
-0.4341999,-0.3772651,-0.40137577,-0.60086024,-0.2656518
-0.48651648,-0.33793038,-0.39583433,-0.58518547,-0.24199885
-0.4446038,-0.3228045,-0.37185287,-0.67818916,-0.24848294
-0.3295666,-0.34232914,-0.36391184,-0.69368315,-0.25039488
-0.23548594,-0.3158652,-0.33024144,-0.6160388,-0.2531504
-0.18331797,-0.3725667,-0.35853684,-0.6694949,-0.24089822
-0.25644228,-0.29883963,-0.3170347,-0.6529298,-0.23640317
-0.37147942,-0.32176876,-0.2970437,-0.699533,-0.22987214
-0.38188323,-0.34350553,-0.34758332,-0.62434894,-0.23559529
-0.49692038,-0.3496416,-0.38967648,-0.6052549,-0.23793721
-0.5073243,-0.36020678,-0.40693405,-0.6249993,-0.20087227
-0.49692038,-0.41414198,-0.47151905,-0.67526305,-0.20999306
-0.601405,-0.45336062,-0.50213575,-0.6943353,-0.22016808
-0.64331776,-0.4606701,-0.52483714,-0.73605466,-0.2617327
-0.5910011,-0.48093534,-0.5479572,-0.6077143,-0.2652415
-0.5910011,-0.49007794,-0.5535298,-0.78223014,-0.26924407
-0.64331776,-0.5591427,-0.57069904,-0.65244687,-0.29071063
-0.5910011,-0.53325605,-0.56195134,-0.65374273,-0.27812952
-0.6642741,-0.5444727,-0.5583648,-0.6394997,-0.26858544
-0.6642741,-0.5683392,-0.58695614,-0.59384155,-0.2722565
-0.5282806,-0.5839856,-0.6022258,-0.5940998,-0.27992883
-0.4446038,-0.45869002,-0.51217294,-0.61864495,-0.25174588
-0.30875894,-0.42717612,-0.4730695,-0.5473443,-0.21462321
-0.20412563,-0.36178672,-0.40553725,-0.5149311,-0.246286
-0.350523,-0.30308118,-0.35207888,-0.51973,-0.23286021
-0.31916276,-0.26353458,-0.3257732,-0.54624104,-0.22258419
-0.1937218,-0.29386407,-0.34521303,-0.5322221,-0.22042221
-0.09964102,-0.28098843,-0.30008975,-0.5029871,-0.27991214
0.0049921465,-0.22389628,-0.24326134,-0.5111305,-0.27957714
0.09907293,-0.16554865,-0.19758406,-0.44843382,-0.22211051
0.09907293,-0.17698298,-0.17470315,-0.5405046,-0.21618015
0.057160113,-0.12576704,-0.14334252,-0.6482621,-0.21232873
-0.1937218,-0.11224114,-0.13471854,-0.5840993,-0.2189287
-0.31916276,-0.19460545,-0.21506676,-0.500684,-0.21429628
-0.30875894,-0.25518593,-0.2522882,-0.49164847,-0.19681516
-0.34011918,-0.28994685,-0.28509474,-0.44615456,-0.35518697
-0.38188323,-0.33864948,-0.34143567,-0.4947821,-0.33414453
-0.41324356,-0.36681253,-0.3552524,-0.53298265,-0.3150357
-0.4446038,-0.396331,-0.3926169,-0.5411935,-0.17852864
-0.423796,-0.39323223,-0.3948755,-0.47667763,-0.2731725
-0.4446038,-0.42647916,-0.39371365,-0.55400187,-0.21125299
-0.4446038,-0.4367337,-0.40215182,-0.5510902,-0.26247537
-0.4446038,-0.48414728,-0.43126577,-0.5318179,-0.15826035
-0.48651648,-0.43745127,-0.39840734,-0.49914488,-0.15121129
-0.37147942,-0.41599932,-0.38389254,-0.44641757,-0.1437687
-0.1623615,-0.4078761,-0.36375415,-0.50185984,-0.172822
-0.22508211,-0.2936304,-0.26715606,-0.5433325,-0.1492171
-0.08908864,-0.2260611,-0.21777946,-0.44695953,-0.11394798
-0.15195768,-0.17191586,-0.1741623,-0.4351219,-0.12830651
-0.14140515,-0.116059616,-0.11991832,-0.42119002,-0.09637701
-0.036920536,-0.07073259,-0.095694155,-0.48645994,-0.11608871
0.14083707,-0.06397496,-0.071003556,-0.3657319,-0.06562542
0.19315359,-0.049934156,-0.029300243,-0.36272427,-0.07081103
0.30819073,-0.0014443845,0.009153664,-0.35151866,-0.029597245
0.3603587,0.026849799,0.043104142,-0.3541216,-0.08290466
0.23491773,0.048100837,0.07440585,-0.47599342,-0.033173732
-0.015964195,0.017481938,0.0057967007,-0.34984937,-0.029572256
-0.036920536,0.005184211,-0.0537436,-0.32299328,-0.13073301
-0.13100132,-0.03133119,-0.104080945,-0.29481843,-0.18521988
-0.18331797,-0.06811739,-0.16740148,-0.26618707,-0.1845538
-0.1937218,-0.14177272,-0.22638763,-0.37347087,-0.17088446
-0.25644228,-0.13212076,-0.23129834,-0.25106952,-0.16618907
-0.26684612,-0.16721404,-0.226471,-0.2707339,-0.19467741
-0.27739862,-0.21476367,-0.25549626,-0.29107663,-0.20743603
-0.29820642,-0.23125641,-0.28451812,-0.3731878,-0.08607332
-0.3295666,-0.25350076,-0.29533815,-0.35744548,0.050641514
-0.3295666,-0.24156976,-0.2850466,-0.33874905,-0.033930533
-0.40283966,-0.26900366,-0.2838171,-0.28538162,0.052516975
-0.31916276,-0.25638124,-0.28729078,-0.26862508,0.05596973
-0.17276546,-0.21369377,-0.23121619,-0.21149588,0.107005455
-0.14140515,-0.16786009,-0.16096984,-0.20270424,0.041750662
-0.047324505,-0.107753545,-0.10779965,-0.3382944,0.020143248
-0.068280846,-0.04706169,-0.040518492,-0.20116541,-0.0035397112
0.0049921465,-0.036019422,0.007866591,-0.24361502,-0.0033489913
0.119880594,-0.031058162,0.029113322,-0.15443423,0.064837925
0.24547024,0.0022334903,0.07256812,-0.15379582,0.01604519
0.34995484,0.051190585,0.09764081,-0.1445415,0.020654745
0.33955103,0.08228486,0.10902688,-0.13945913,0.019633673
0.28723437,0.090001434,0.1368598,-0.24374002,0.057068907
0.20355755,0.07272597,0.10271019,-0.23218802,0.05330775
0.025799943,0.032594282,0.06417292,-0.22343276,0.06490458
-0.057728335,-0.025191387,-0.014470845,-0.1617019,0.06607067
-0.13100132,-0.06606752,-0.07291311,-0.18450595,0.057290144
-0.1937218,-0.09310495,-0.14721993,-0.1627922,0.028717972
-0.25644228,-0.124400035,-0.22760423,-0.21406074,0.01571589
-0.25644228,-0.12045115,-0.2489128,-0.18568826,0.00023702532
-0.23548594,-0.1447339,-0.26094678,-0.19120629,0.022916935
-0.21467815,-0.16226418,-0.26075014,-0.22459722,0.03286969
-0.27739862,-0.21307054,-0.29113895,-0.23413391,0.065960534
-0.2878026,-0.20743254,-0.2815538,-0.23340961,0.030396588
-0.31916276,-0.21938376,-0.28715876,-0.26538032,0.12101359
-0.27739862,-0.18796633,-0.2673545,-0.20754215,0.12676388
-0.1623615,-0.17125505,-0.20958771,-0.18183087,0.11625564
-0.18331797,-0.12993124,-0.15629435,-0.17336237,0.09949812
-0.20412563,-0.15258147,-0.07171251,-0.19124818,0.06593788
-0.110044986,-0.103279114,-0.05961503,-0.17211492,0.1284609
-0.036920536,-0.1221547,-0.041216984,-0.14164723,0.13570517
0.015395973,-0.055027515,0.0045461953,-0.13347466,0.06002856
0.2245139,-0.025373213,0.054997236,-0.16029407,0.064464055
0.31859455,-0.024637394,0.054682076,-0.06390755,0.062023707
0.4022715,0.02447619,0.08264269,-0.09734908,0.07358112
0.47539583,0.07383112,0.08470829,-0.07059842,0.039887078
0.39186755,0.09630219,0.10397416,-0.23533821,0.11363306
0.2976382,0.08826054,0.09667875,-0.21231472,0.1104945
0.2245139,0.034829192,0.05137439,-0.09487318,0.107630275
0.15138945,-0.0054431385,-0.006594524,-0.08635701,0.16471183
0.24547024,-0.056042098,-0.045638368,-0.08606705,0.11298202
0.119880594,-0.08619182,-0.0819611,-0.11676161,0.0917458
0.09907293,-0.050285235,-0.13004325,-0.15665238,0.083568014
0.10947677,0.020809088,-0.102609724,-0.09185135,0.101864494
0.09907293,0.041392088,-0.08454646,-0.046927392,0.12890452
0.16179341,0.015685335,-0.0808948,-0.108856976,0.19608682
0.015395973,-0.0039941967,-0.07875289,-0.107416935,0.14366412
-0.09964102,-0.016869828,-0.07402365,-0.075181134,0.15384135
0.0049921465,-0.026217684,-0.068929866,-0.108456045,0.16282013
0.015395973,0.0029015988,-0.041691512,-0.0834742,0.17152154
0.015395973,0.008432306,0.0056533962,-0.019188598,0.19485092
-0.026368022,0.03549532,0.057546288,-0.012301333,0.21374762
0.057160113,0.077299625,0.08691274,0.019194014,0.21621338
0.078116454,0.0915592,0.11383842,-0.0144540705,0.22032887
0.036352456,0.09114589,0.10342188,0.01645904,0.23760146
0.15138945,0.10083969,0.122372776,0.022045478,0.18658504
0.15138945,0.14355552,0.16974989,0.06604083,0.22073445
-0.068280846,0.17642719,0.17550088,0.09236686,0.1398937
0.0049921465,0.16692258,0.14956197,0.06408043,0.14295462
-0.057728335,0.15098229,0.116410255,0.025450278,0.09872865
-0.09964102,0.114614286,0.068764694,-0.059967607,0.17762008
-0.120597504,0.061910868,0.028900892,-0.10480191,0.08754479
-0.13100132,-0.019866202,-0.035021223,-0.093616284,0.16835496
-0.110044986,-0.021813817,-0.097736254,-0.043658126,0.17290902
-0.18331797,-0.05874894,-0.13769767,-0.0588928,0.092348225
-0.15195768,-0.13585564,-0.20762444,-0.07219367,0.17289683
-0.1623615,-0.16503549,-0.26592964,-0.11953242,0.1846256
-0.09964102,-0.15857214,-0.27361754,-0.13671862,0.1698865
-0.07868467,-0.1485028,-0.25159374,-0.06919347,0.13274077
-0.08908864,-0.13146245,-0.2558276,-0.13666572,0.1393717
-0.07868467,-0.18064767,-0.27535546,-0.07544471,0.16198438
-0.47596404,-0.15336438,-0.24641645,-0.097488776,0.21799597
-0.23548594,-0.12547126,-0.2704678,-0.092063226,0.21841684
-0.13100132,-0.16929844,-0.26690635,-0.11385319,0.22830188
-0.25644228,-0.111844964,-0.20121562,-0.09870708,0.20801646
-0.036920536,-0.07124448,-0.13632832,-0.034727614,0.21355826
0.015395973,-0.0058846436,-0.060699195,-0.056577995,0.22053835
-0.047324505,0.041351687,-0.038502894,-0.054027025,0.26964533
-0.120597504,-0.0465467,-0.021780292,0.022311237,0.279832
-0.08908864,0.058076933,-0.0028172284,0.030580796,0.2286163
-0.110044986,0.032890126,0.020246362,0.03876646,0.27746183
-0.13100132,-0.018477641,0.045113876,0.040229492,0.26719394
-0.047324505,-0.021757282,0.031430066,0.09735237,0.26426628
-0.026368022,-0.031260952,0.007592868,0.015667327,0.25292304
0.0049921465,-0.03876496,-0.018736191,-0.12871772,0.25604606
-0.026368022,-0.03741245,-0.04008102,-0.1694028,0.23633552
-0.036920536,-0.06906528,-0.083444625,-0.16427061,0.23385331
-0.27739862,-0.09917857,-0.11764411,-0.103462055,0.22447547
-0.26684612,-0.14053306,-0.14840592,-0.10884072,0.21248472
-0.37147942,-0.19316205,-0.21509281,-0.12491682,0.20012394
-0.46556014,-0.21664016,-0.2584375,-0.13565637,0.19496754
-0.5178768,-0.24875855,-0.29309916,-0.17717616,0.17782113
-0.57004476,-0.24241632,-0.3428637,-0.044682086,0.18345854
-0.6537216,-0.30252546,-0.39864442,-0.1117799,0.17756477
-0.64331776,-0.37336498,-0.46203655,-0.15052809,0.17675796
-0.7164421,-0.3975408,-0.517975,-0.15580338,0.14715946
-0.7791626,-0.39733657,-0.522443,-0.13685694,0.1327506
-0.75835484,-0.45308277,-0.56323445,-0.16177905,0.09682385
-0.8314792,-0.50145507,-0.5738841,-0.18048543,0.09805185
-0.87324333,-0.49006724,-0.5454308,-0.12237817,0.09415162
-0.88379586,-0.3552479,-0.5335069,-0.111165956,0.11793501
-0.97787654,-0.49215347,-0.51861215,-0.14092782,0.115176946
-1.051001,-0.43757105,-0.51334184,-0.1321339,0.059536517
-0.99883294,-0.45255643,-0.55958843,-0.05412312,0.031529523
-1.0405971,-0.587576,-0.5622842,-0.19451098,0.02292826
-1.0405971,-0.6162882,-0.560027,-0.18961406,0.07800141
-0.9674727,-0.6279117,-0.5763488,-0.24060136,0.07859154
-0.7478024,-0.63810945,-0.6033522,-0.36915478,-0.00084637105
-0.67467797,-0.6021492,-0.59685683,-0.41078523,-0.0048854128
-0.7478024,-0.6316206,-0.61071455,-0.45271456,-0.01498846
-0.6956343,-0.66779256,-0.6843771,-0.4097045,-0.024149865
-0.8314792,-0.70586437,-0.7254069,-0.40319616,0.020423718
-0.70603824,-0.73558265,-0.76856375,-0.4039305,-0.034757696
-0.62236136,-0.79452693,-0.8122332,-0.43393427,-0.059304647
-0.75835484,-0.8033903,-0.8184285,-0.38610497,-0.074551605
-0.5910011,-0.7778035,-0.8254574,-0.38089973,-0.09453689
-0.57004476,-0.765347,-0.81378484,-0.15294102,-0.093739934
-0.53868455,-0.7489226,-0.8430324,-0.16186595,-0.112472065
-0.5910011,-0.7873581,-0.8218543,-0.3728354,-0.14563662
-0.5282806,-0.80916524,-0.8536265,-0.34599185,-0.14959574
-0.5805973,-0.8088694,-0.8106611,-0.29363912,-0.12702876
-0.5178768,-0.83379817,-0.79889417,-0.21120986,-0.099099465
-0.549237,-0.7657847,-0.7421519,-0.2234067,-0.05107913
-0.5910011,-0.72351176,-0.72068,-0.21176259,-0.09621317
-0.48651648,-0.62607443,-0.6689289,-0.1586692,-0.09958311
-0.5596409,-0.57843596,-0.58945185,-0.16874537,-0.060110025
-0.46556014,-0.49734855,-0.53274524,-0.16514333,-0.046500854
-0.45515624,-0.54758835,-0.5402528,-0.07605885,-0.029914342
-0.3295666,-0.49255282,-0.48566893,-0.107546434,-0.038230635
-0.30875894,-0.50727725,-0.476792,-0.10753788,-0.042681985
-0.23548594,-0.47794122,-0.45107478,-0.17036879,-0.05145686
-0.29820642,-0.45936975,-0.41654453,-0.24247853,-0.08642311
-0.38188323,-0.4496488,-0.3842784,-0.37248898,-0.102234535
-0.26684612,-0.44612426,-0.40322474,-0.37609032,-0.1069845
-0.34011918,-0.4156874,-0.40464798,-0.35221812,-0.1164471
-0.3609269,-0.39111865,-0.40996265,-0.28361285,-0.090831555
-0.37147942,-0.37069497,-0.42568243,-0.22823678,-0.09345629
-0.423796,-0.39289507,-0.4938225,-0.24051674,-0.1281943
-0.38188323,-0.41710955,-0.5157361,-0.310785,-0.14542016
-0.41324356,-0.42649895,-0.5071781,-0.36807644,-0.15658244
-0.4341999,-0.470047,-0.5347613,-0.26027706,-0.16303891
-0.3609269,-0.4868043,-0.543658,-0.3514903,-0.15367588
-0.40283966,-0.48786384,-0.5175476,-0.5111566,-0.1479632
-0.549237,-0.5319223,-0.5378984,-0.30198738,-0.15698305
-0.47596404,-0.528568,-0.52846503,-0.32306674,-0.1652731
-0.350523,-0.5425152,-0.5324924,-0.34960893,-0.16918844
-0.17276546,-0.5161538,-0.4945401,-0.3494884,-0.10334816
-0.3295666,-0.40219307,-0.398621,-0.3364614,-0.13415107
-0.25644228,-0.24784748,-0.31620604,-0.34784836,-0.12805036
-0.110044986,-0.21972318,-0.28938657,-0.3015556,-0.10315252
-0.1623615,-0.1722807,-0.23413122,-0.29728723,-0.1532546
-0.09964102,-0.18772256,-0.22655657,-0.24812342,-0.08395956
-0.20412563,-0.10848701,-0.18950893,-0.30688375,-0.07376433
-0.057728335,-0.08520815,-0.14155069,-0.40434298,-0.07528425
-0.005560368,-0.10170066,-0.12658307,-0.36135975,-0.12739399
-0.036920536,-0.073276475,-0.08483413,-0.32013753,-0.11993433
0.046756286,-0.039875597,-0.036438435,-0.36078873,-0.16988817
0.0049921465,-0.051012613,0.018372744,-0.38102764,-0.17493135
-0.120597504,-0.068668015,-0.025824964,-0.31417167,-0.20660225
-0.25644228,-0.057604484,-0.07112101,-0.26859403,-0.22095248
-0.17276546,-0.034359112,-0.08513352,-0.22456108,-0.14755636
-0.1937218,-0.10389895,-0.17796071,-0.20961812,-0.10997368
-0.25644228,-0.07701792,-0.18614331,-0.33229512,-0.12654957
-0.22508211,-0.14432043,-0.21943146,-0.28833696,-0.123929895
-0.25644228,-0.09437,-0.20194376,-0.20427333,-0.12358294
-0.15195768,-0.15243624,-0.20365784,-0.25729793,-0.113561206
-0.120597504,-0.11646423,-0.1830628,-0.31752434,-0.15623328
-0.13100132,-0.17981997,-0.21574402,-0.36114395,-0.15460765
-0.09964102,-0.097360484,-0.16309656,-0.34471634,-0.15274894
-0.17276546,-0.06458544,-0.10856703,-0.29909125,-0.1492294
-0.057728335,-0.07861525,-0.12434885,-0.31979668,-0.076008506
0.0049921465,-0.111156076,-0.08786291,-0.2464474,-0.07699487
-0.057728335,0.06012489,-0.017764598,-0.21652946,-0.13306743
-0.036920536,0.0014677048,0.034650505,-0.19731763,-0.19576445
0.06771263,0.062313773,0.06519076,-0.23560564,-0.14661652
0.08852042,0.046368625,0.067076355,-0.22061945,-0.14975849
0.057160113,0.004245242,0.06947008,-0.26130062,-0.1592772
0.13043311,0.046411723,0.15140018,-0.30344063,-0.2275886
0.036352456,0.066638425,0.17864978,-0.21573646,-0.22118619
0.20355755,0.054884404,0.16782185,-0.21761623,-0.21951899
0.16179341,0.06808235,0.20215547,-0.2801789,-0.23358959
-0.026368022,0.034633413,0.20710441,-0.33059487,-0.17009649
0.015395973,-0.02352821,0.1525025,-0.31477556,-0.24792653
-0.068280846,-0.07270102,0.066306144,-0.3109343,-0.24047756
-0.015964195,-0.10778202,0.05356413,-0.31182173,-0.24350595
0.036352456,-0.015493814,0.025677621,-0.31478137,-0.2509514
-0.057728335,-0.02464825,-0.013523489,-0.41490257,-0.20697293
-0.068280846,-0.107235774,0.0052987337,-0.30623645,-0.21906787
-0.047324505,-0.09874232,-0.015956223,-0.21542823,-0.112240665
-0.047324505,-0.12627208,-0.0052752197,-0.34157002,-0.09548088
-0.120597504,-0.10190526,-1.6450882e-05,-0.46569923,-0.1368438
